temps attente,effectif
"0","274327"
"1","172389"
"2","50709"
"3","27983"
"4","18600"
"5","13609"
"6","10387"
"7","8335"
"8","7069"
"9","6205"
"10","5569"
"11","5044"
"12","4625"
"13","4227"
"14","4014"
"15","4042"
"16","4138"
"17","4213"
"18","4236"
"19","4021"
"20","3783"
"21","3631"
"22","3567"
"23","3553"
"24","3323"
"25","2629"
"26","2257"
"27","1980"
"28","1660"
"29","1454"
"30","1225"
"31","1056"
"32","900"
"33","838"
"34","841"
"35","831"
"36","767"
"37","801"
"38","786"
"39","819"
"40","808"
"41","898"
"42","931"
"43","982"
"44","1023"
"45","1068"
"46","1070"
"47","1116"
"48","1159"
"49","1138"
"50","958"
"51","856"
"52","709"
"53","652"
"54","619"
"55","526"
"56","510"
"57","451"
"58","491"
"59","414"
"60","449"
"61","447"
"62","508"
"63","496"
"64","580"
"65","663"
"66","720"
"67","864"
"68","806"
"69","824"
"70","877"
"71","925"
"72","952"
"73","733"
"74","656"
"75","552"
"76","457"
"77","453"
"78","376"
"79","335"
"80","262"
"81","275"
"82","262"
"83","255"
"84","218"
"85","260"
"86","270"
"87","246"
"88","301"
"89","358"
"90","470"
"91","475"
"92","463"
"93","466"
"94","530"
"95","579"
"96","561"
"97","463"
"98","419"
"99","397"
"100","342"
"101","327"
"102","274"
"103","216"
"104","203"
"105","189"
"106","145"
"107","178"
"108","161"
"109","187"
"110","186"
"111","194"
"112","249"
"113","273"
"114","290"
"115","307"
"116","315"
"117","363"
"118","397"
"119","405"
"120","438"
"121","364"
"122","339"
"123","280"
"124","226"
"125","210"
"126","171"
"127","168"
"128","158"
"129","136"
"130","120"
"131","130"
"132","120"
"133","125"
"134","151"
"135","126"
"136","197"
"137","206"
"138","236"
"139","276"
"140","288"
"141","300"
"142","306"
"143","349"
"144","363"
"145","286"
"146","249"
"147","244"
"148","194"
"149","185"
"150","164"
"151","152"
"152","115"
"153","108"
"154","112"
"155","104"
"156","103"
"157","113"
"158","107"
"159","138"
"160","123"
"161","152"
"162","168"
"163","184"
"164","253"
"165","235"
"166","256"
"167","293"
"168","291"
"169","244"
"170","233"
"171","168"
"172","192"
"173","147"
"174","139"
"175","99"
"176","100"
"177","78"
"178","72"
"179","92"
"180","76"
"181","75"
"182","83"
"183","87"
"184","104"
"185","105"
"186","133"
"187","148"
"188","165"
"189","149"
"190","211"
"191","195"
"192","195"
"193","205"
"194","149"
"195","162"
"196","139"
"197","107"
"198","113"
"199","101"
"200","73"
"201","72"
"202","70"
"203","58"
"204","64"
"205","59"
"206","69"
"207","73"
"208","78"
"209","99"
"210","84"
"211","119"
"212","116"
"213","157"
"214","124"
"215","153"
"216","153"
"217","116"
"218","97"
"219","91"
"220","90"
"221","91"
"222","74"
"223","67"
"224","50"
"225","51"
"226","57"
"227","63"
"228","42"
"229","53"
"230","48"
"231","52"
"232","73"
"233","72"
"234","106"
"235","103"
"236","108"
"237","111"
"238","126"
"239","99"
"240","119"
"241","112"
"242","84"
"243","84"
"244","70"
"245","72"
"246","58"
"247","57"
"248","46"
"249","47"
"250","56"
"251","40"
"252","35"
"253","39"
"254","47"
"255","47"
"256","52"
"257","48"
"258","70"
"259","83"
"260","86"
"261","85"
"262","82"
"263","97"
"264","88"
"265","101"
"266","85"
"267","62"
"268","63"
"269","50"
"270","45"
"271","55"
"272","33"
"273","31"
"274","35"
"275","31"
"276","33"
"277","43"
"278","48"
"279","39"
"280","42"
"281","65"
"282","68"
"283","59"
"284","58"
"285","68"
"286","91"
"287","103"
"288","68"
"289","87"
"290","56"
"291","68"
"292","59"
"293","62"
"294","48"
"295","39"
"296","35"
"297","24"
"298","31"
"299","29"
"300","23"
"301","44"
"302","35"
"303","40"
"304","47"
"305","50"
"306","69"
"307","65"
"308","56"
"309","51"
"310","90"
"311","122"
"312","78"
"313","90"
"314","74"
"315","67"
"316","54"
"317","54"
"318","56"
"319","35"
"320","36"
"321","28"
"322","17"
"323","29"
"324","32"
"325","28"
"326","31"
"327","37"
"328","47"
"329","50"
"330","49"
"331","72"
"332","59"
"333","82"
"334","77"
"335","91"
"336","90"
"337","80"
"338","71"
"339","72"
"340","46"
"341","53"
"342","41"
"343","38"
"344","37"
"345","22"
"346","28"
"347","23"
"348","25"
"349","23"
"350","27"
"351","31"
"352","27"
"353","27"
"354","52"
"355","54"
"356","48"
"357","62"
"358","62"
"359","68"
"360","60"
"361","57"
"362","53"
"363","42"
"364","42"
"365","29"
"366","24"
"367","25"
"368","15"
"369","18"
"370","23"
"371","22"
"372","19"
"373","22"
"374","13"
"375","27"
"376","18"
"377","30"
"378","27"
"379","29"
"380","38"
"381","48"
"382","52"
"383","41"
"384","60"
"385","38"
"386","40"
"387","38"
"388","29"
"389","33"
"390","24"
"391","24"
"392","20"
"393","13"
"394","16"
"395","24"
"396","13"
"397","12"
"398","20"
"399","21"
"400","15"
"401","36"
"402","32"
"403","28"
"404","34"
"405","30"
"406","47"
"407","55"
"408","41"
"409","37"
"410","42"
"411","24"
"412","37"
"413","33"
"414","16"
"415","22"
"416","17"
"417","19"
"418","24"
"419","15"
"420","17"
"421","20"
"422","12"
"423","14"
"424","16"
"425","26"
"426","28"
"427","28"
"428","28"
"429","36"
"430","45"
"431","49"
"432","46"
"433","33"
"434","31"
"435","27"
"436","38"
"437","31"
"438","18"
"439","24"
"440","14"
"441","15"
"442","11"
"443","14"
"444","13"
"445","20"
"446","17"
"447","13"
"448","22"
"449","24"
"450","32"
"451","29"
"452","31"
"453","45"
"454","35"
"455","43"
"456","42"
"457","33"
"458","30"
"459","28"
"460","27"
"461","24"
"462","16"
"463","19"
"464","12"
"465","15"
"466","18"
"467","11"
"468","15"
"469","16"
"470","15"
"471","22"
"472","18"
"473","22"
"474","23"
"475","24"
"476","33"
"477","39"
"478","45"
"479","61"
"480","42"
"481","33"
"482","38"
"483","26"
"484","38"
"485","30"
"486","19"
"487","20"
"488","20"
"489","14"
"490","13"
"491","18"
"492","13"
"493","14"
"494","12"
"495","15"
"496","21"
"497","18"
"498","21"
"499","33"
"500","27"
"501","47"
"502","37"
"503","38"
"504","56"
"505","40"
"506","29"
"507","32"
"508","34"
"509","37"
"510","35"
"511","16"
"512","15"
"513","17"
"514","9"
"515","14"
"516","13"
"517","11"
"518","11"
"519","8"
"520","16"
"521","16"
"522","17"
"523","24"
"524","20"
"525","18"
"526","37"
"527","39"
"528","27"
"529","41"
"530","27"
"531","42"
"532","24"
"533","20"
"534","22"
"535","11"
"536","7"
"537","11"
"538","12"
"539","9"
"540","16"
"541","19"
"542","11"
"543","14"
"544","13"
"545","11"
"546","19"
"547","23"
"548","17"
"549","21"
"550","27"
"551","30"
"552","20"
"553","25"
"554","21"
"555","28"
"556","22"
"557","15"
"558","9"
"559","11"
"560","13"
"561","14"
"562","7"
"563","5"
"564","6"
"565","8"
"566","9"
"567","10"
"568","7"
"569","12"
"570","21"
"571","25"
"572","21"
"573","19"
"574","26"
"575","33"
"576","38"
"577","21"
"578","14"
"579","20"
"580","13"
"581","17"
"582","16"
"583","6"
"584","12"
"585","11"
"586","10"
"587","10"
"588","9"
"589","11"
"590","8"
"591","15"
"592","10"
"593","11"
"594","8"
"595","15"
"596","15"
"597","13"
"598","32"
"599","24"
"600","27"
"601","25"
"602","25"
"603","20"
"604","15"
"605","12"
"606","11"
"607","9"
"608","17"
"609","16"
"610","7"
"611","4"
"612","11"
"613","14"
"614","12"
"615","7"
"616","9"
"617","9"
"618","13"
"619","19"
"620","21"
"621","25"
"622","25"
"623","22"
"624","24"
"625","29"
"626","19"
"627","22"
"628","25"
"629","15"
"630","16"
"631","11"
"632","15"
"633","11"
"634","15"
"635","10"
"636","6"
"637","10"
"638","7"
"639","7"
"640","10"
"641","16"
"642","9"
"643","18"
"644","20"
"645","26"
"646","21"
"647","22"
"648","26"
"649","23"
"650","16"
"651","19"
"652","22"
"653","23"
"654","21"
"655","14"
"656","5"
"657","10"
"658","6"
"659","8"
"660","12"
"661","11"
"662","6"
"663","10"
"664","13"
"665","10"
"666","14"
"667","22"
"668","22"
"669","19"
"670","29"
"671","29"
"672","35"
"673","27"
"674","20"
"675","16"
"676","19"
"677","17"
"678","16"
"679","12"
"680","10"
"681","13"
"682","8"
"683","9"
"684","7"
"685","12"
"686","10"
"687","5"
"688","12"
"689","20"
"690","20"
"691","14"
"692","13"
"693","30"
"694","23"
"695","21"
"696","20"
"697","20"
"698","14"
"699","17"
"700","14"
"701","13"
"702","14"
"703","7"
"704","9"
"705","8"
"706","6"
"707","8"
"708","5"
"709","8"
"710","5"
"711","7"
"712","11"
"713","10"
"714","11"
"715","4"
"716","11"
"717","12"
"718","15"
"719","12"
"720","20"
"721","17"
"722","17"
"723","10"
"724","8"
"725","14"
"726","8"
"727","10"
"728","4"
"729","8"
"730","9"
"731","10"
"732","8"
"733","4"
"734","3"
"735","6"
"736","6"
"737","10"
"738","13"
"739","17"
"740","9"
"741","15"
"742","22"
"743","15"
"744","19"
"745","15"
"746","8"
"747","8"
"748","11"
"749","3"
"750","7"
"751","13"
"752","3"
"753","9"
"754","7"
"755","6"
"756","8"
"757","3"
"758","8"
"759","7"
"760","13"
"761","9"
"762","15"
"763","16"
"764","7"
"765","15"
"766","21"
"767","12"
"768","15"
"769","26"
"770","16"
"771","9"
"772","10"
"773","14"
"774","12"
"775","11"
"776","15"
"777","8"
"778","4"
"779","4"
"780","3"
"781","4"
"782","5"
"783","6"
"784","7"
"785","13"
"786","6"
"787","7"
"788","13"
"789","14"
"790","14"
"791","13"
"792","12"
"793","14"
"794","12"
"795","13"
"796","13"
"797","14"
"798","13"
"799","4"
"800","6"
"801","5"
"802","8"
"803","5"
"804","3"
"805","7"
"806","4"
"807","10"
"808","14"
"809","8"
"810","8"
"811","7"
"812","16"
"813","10"
"814","13"
"815","18"
"816","16"
"817","17"
"818","19"
"819","9"
"820","15"
"821","6"
"822","5"
"823","8"
"824","6"
"825","7"
"826","7"
"827","2"
"828","4"
"829","5"
"830","9"
"831","9"
"832","8"
"833","10"
"834","9"
"835","16"
"836","13"
"837","12"
"838","17"
"839","20"
"840","18"
"841","18"
"842","10"
"843","16"
"844","12"
"845","13"
"846","3"
"847","7"
"848","5"
"849","5"
"850","9"
"851","2"
"852","4"
"853","9"
"854","6"
"855","8"
"856","7"
"857","10"
"858","6"
"859","16"
"860","11"
"861","10"
"862","10"
"863","14"
"864","13"
"865","23"
"866","17"
"867","6"
"868","7"
"869","10"
"870","8"
"871","11"
"872","2"
"873","7"
"874","5"
"875","7"
"876","4"
"877","7"
"878","5"
"879","8"
"880","5"
"881","8"
"882","7"
"883","7"
"884","17"
"885","9"
"886","13"
"887","9"
"888","14"
"889","11"
"890","7"
"891","11"
"892","6"
"893","4"
"894","9"
"895","4"
"896","9"
"897","12"
"898","3"
"899","2"
"900","1"
"901","2"
"902","8"
"903","9"
"904","6"
"905","7"
"906","15"
"907","7"
"908","7"
"909","6"
"910","9"
"911","6"
"912","11"
"913","17"
"914","9"
"915","6"
"916","5"
"917","6"
"918","6"
"919","7"
"920","3"
"921","5"
"922","4"
"923","1"
"924","5"
"925","8"
"926","5"
"927","3"
"928","4"
"929","7"
"930","9"
"931","9"
"932","8"
"933","15"
"934","9"
"935","13"
"936","11"
"937","6"
"938","13"
"939","9"
"940","10"
"941","6"
"942","8"
"943","6"
"944","5"
"945","5"
"946","3"
"947","9"
"948","4"
"949","4"
"950","5"
"951","5"
"952","4"
"953","6"
"954","7"
"955","8"
"956","10"
"957","10"
"958","8"
"959","11"
"960","7"
"961","9"
"962","13"
"963","9"
"964","9"
"965","10"
"966","7"
"967","2"
"968","6"
"969","2"
"970","5"
"971","3"
"972","13"
"973","5"
"974","5"
"975","4"
"976","6"
"977","4"
"978","8"
"979","14"
"980","6"
"981","11"
"982","12"
"983","9"
"984","9"
"985","10"
"986","11"
"987","11"
"988","9"
"989","15"
"990","6"
"991","7"
"992","8"
"993","5"
"994","5"
"995","5"
"996","6"
"997","6"
"998","1"
"999","8"
"1000","6"
"1001","8"
"1002","9"
"1003","9"
"1004","9"
"1005","8"
"1006","10"
"1007","12"
"1008","13"
"1009","14"
"1010","16"
"1011","9"
"1012","8"
"1013","15"
"1014","8"
"1015","9"
"1016","4"
"1017","3"
"1018","3"
"1019","3"
"1020","4"
"1021","6"
"1022","1"
"1023","2"
"1024","3"
"1025","6"
"1026","3"
"1027","9"
"1028","11"
"1029","11"
"1030","9"
"1031","13"
"1032","8"
"1033","17"
"1034","6"
"1035","9"
"1036","7"
"1037","5"
"1038","3"
"1039","7"
"1040","5"
"1041","2"
"1042","6"
"1043","4"
"1044","6"
"1045","4"
"1046","3"
"1047","2"
"1048","7"
"1049","10"
"1050","4"
"1051","7"
"1052","6"
"1053","7"
"1054","12"
"1055","7"
"1056","7"
"1057","8"
"1058","5"
"1059","1"
"1060","9"
"1061","7"
"1062","4"
"1063","2"
"1064","3"
"1065","5"
"1066","3"
"1067","4"
"1068","3"
"1069","2"
"1070","4"
"1071","3"
"1072","5"
"1073","7"
"1074","5"
"1075","10"
"1076","6"
"1077","8"
"1078","8"
"1079","11"
"1080","9"
"1081","7"
"1082","7"
"1083","6"
"1084","8"
"1085","4"
"1086","7"
"1087","4"
"1088","3"
"1089","3"
"1090","3"
"1091","1"
"1092","5"
"1093","1"
"1094","11"
"1095","6"
"1096","6"
"1097","2"
"1098","4"
"1099","8"
"1100","4"
"1101","6"
"1102","11"
"1103","8"
"1104","10"
"1105","3"
"1106","7"
"1107","8"
"1108","7"
"1109","6"
"1110","6"
"1111","6"
"1112","5"
"1113","7"
"1114","6"
"1115","4"
"1116","5"
"1117","5"
"1119","5"
"1120","6"
"1121","5"
"1122","4"
"1123","7"
"1124","8"
"1125","5"
"1126","5"
"1127","3"
"1128","12"
"1129","7"
"1130","7"
"1131","5"
"1132","5"
"1133","5"
"1134","4"
"1135","6"
"1136","2"
"1137","5"
"1138","2"
"1139","4"
"1140","1"
"1141","10"
"1142","6"
"1143","1"
"1144","6"
"1145","7"
"1146","8"
"1147","3"
"1148","14"
"1149","6"
"1150","10"
"1151","12"
"1152","9"
"1153","11"
"1154","6"
"1155","9"
"1156","8"
"1157","6"
"1158","5"
"1159","6"
"1160","4"
"1161","1"
"1162","7"
"1163","4"
"1164","2"
"1166","5"
"1167","3"
"1168","4"
"1169","7"
"1170","6"
"1171","10"
"1172","6"
"1173","5"
"1174","8"
"1175","13"
"1176","14"
"1177","9"
"1178","8"
"1179","6"
"1180","8"
"1181","6"
"1182","5"
"1183","3"
"1184","6"
"1185","5"
"1186","5"
"1188","2"
"1189","2"
"1190","4"
"1191","6"
"1192","5"
"1193","5"
"1194","3"
"1195","5"
"1196","2"
"1197","5"
"1198","10"
"1199","7"
"1200","9"
"1201","7"
"1202","7"
"1203","11"
"1204","11"
"1205","5"
"1206","1"
"1207","6"
"1208","5"
"1210","9"
"1211","3"
"1212","5"
"1213","6"
"1214","3"
"1216","1"
"1217","4"
"1218","4"
"1219","6"
"1220","6"
"1221","7"
"1222","5"
"1223","6"
"1224","9"
"1225","8"
"1226","5"
"1227","7"
"1228","2"
"1229","5"
"1230","2"
"1231","2"
"1232","4"
"1234","4"
"1235","4"
"1236","8"
"1237","6"
"1238","3"
"1239","3"
"1240","3"
"1242","1"
"1243","4"
"1244","4"
"1245","4"
"1246","13"
"1247","4"
"1248","5"
"1249","5"
"1250","7"
"1251","2"
"1252","8"
"1253","3"
"1254","4"
"1255","2"
"1256","1"
"1257","2"
"1258","1"
"1259","5"
"1260","1"
"1261","2"
"1262","4"
"1263","3"
"1264","6"
"1265","3"
"1266","3"
"1267","5"
"1268","4"
"1269","3"
"1270","6"
"1271","11"
"1272","6"
"1273","6"
"1274","4"
"1275","4"
"1276","4"
"1277","4"
"1278","4"
"1279","3"
"1280","2"
"1281","4"
"1282","5"
"1283","2"
"1284","4"
"1285","3"
"1286","5"
"1287","4"
"1288","6"
"1289","1"
"1290","2"
"1291","3"
"1292","2"
"1293","5"
"1294","8"
"1295","8"
"1296","4"
"1297","4"
"1298","2"
"1299","10"
"1300","11"
"1301","3"
"1302","2"
"1303","4"
"1304","3"
"1305","2"
"1306","4"
"1307","4"
"1308","1"
"1309","3"
"1310","2"
"1311","3"
"1312","2"
"1314","10"
"1315","7"
"1316","2"
"1317","6"
"1318","7"
"1319","3"
"1320","8"
"1321","7"
"1322","1"
"1323","6"
"1324","10"
"1325","6"
"1326","3"
"1327","3"
"1328","2"
"1329","1"
"1330","2"
"1331","6"
"1332","1"
"1333","1"
"1334","3"
"1335","2"
"1336","6"
"1337","2"
"1338","5"
"1339","3"
"1340","9"
"1341","7"
"1342","7"
"1343","3"
"1344","6"
"1345","5"
"1346","6"
"1347","8"
"1348","6"
"1349","3"
"1350","5"
"1351","3"
"1352","2"
"1353","2"
"1354","2"
"1355","3"
"1356","4"
"1357","1"
"1358","2"
"1359","4"
"1361","4"
"1362","4"
"1363","4"
"1364","6"
"1365","9"
"1366","8"
"1367","6"
"1368","6"
"1369","8"
"1370","7"
"1371","3"
"1372","6"
"1373","2"
"1374","5"
"1375","5"
"1376","2"
"1377","2"
"1378","1"
"1379","5"
"1380","5"
"1381","3"
"1382","1"
"1383","3"
"1384","4"
"1385","3"
"1386","10"
"1387","5"
"1388","4"
"1389","2"
"1390","7"
"1391","8"
"1392","5"
"1393","6"
"1394","6"
"1395","3"
"1396","7"
"1397","2"
"1399","1"
"1400","3"
"1402","2"
"1403","4"
"1404","1"
"1405","7"
"1406","3"
"1407","2"
"1408","4"
"1409","4"
"1410","5"
"1411","5"
"1412","2"
"1413","7"
"1414","8"
"1415","2"
"1416","12"
"1417","4"
"1418","6"
"1419","4"
"1420","5"
"1421","3"
"1422","4"
"1423","4"
"1424","2"
"1425","4"
"1426","4"
"1427","3"
"1429","3"
"1430","3"
"1431","4"
"1432","3"
"1433","2"
"1435","3"
"1436","5"
"1437","3"
"1438","4"
"1439","6"
"1440","2"
"1441","1"
"1442","4"
"1443","5"
"1444","4"
"1445","7"
"1446","4"
"1447","4"
"1448","3"
"1449","2"
"1450","1"
"1451","2"
"1452","3"
"1453","7"
"1454","3"
"1455","3"
"1456","3"
"1457","2"
"1458","4"
"1459","2"
"1460","1"
"1461","3"
"1462","5"
"1463","3"
"1464","6"
"1465","3"
"1466","4"
"1467","6"
"1468","3"
"1469","7"
"1470","3"
"1471","4"
"1472","2"
"1473","2"
"1474","3"
"1476","4"
"1477","1"
"1478","1"
"1479","3"
"1480","1"
"1481","1"
"1482","6"
"1483","4"
"1484","7"
"1485","7"
"1486","5"
"1487","7"
"1488","8"
"1489","12"
"1490","8"
"1491","3"
"1492","3"
"1493","6"
"1494","4"
"1495","6"
"1496","5"
"1497","3"
"1498","4"
"1499","4"
"1500","2"
"1501","2"
"1503","5"
"1504","3"
"1505","3"
"1506","1"
"1507","1"
"1508","3"
"1509","8"
"1510","8"
"1511","7"
"1512","10"
"1513","9"
"1514","2"
"1515","7"
"1516","3"
"1517","6"
"1518","8"
"1519","6"
"1520","2"
"1521","1"
"1522","2"
"1523","2"
"1524","2"
"1526","1"
"1527","4"
"1528","1"
"1529","4"
"1530","2"
"1531","4"
"1532","1"
"1533","4"
"1534","7"
"1535","6"
"1536","4"
"1537","8"
"1538","3"
"1539","4"
"1540","1"
"1541","3"
"1542","4"
"1543","7"
"1544","3"
"1545","3"
"1546","2"
"1547","4"
"1548","3"
"1550","2"
"1551","2"
"1552","1"
"1553","2"
"1554","2"
"1555","5"
"1556","3"
"1557","3"
"1558","3"
"1559","3"
"1560","7"
"1561","5"
"1562","3"
"1563","4"
"1564","3"
"1565","1"
"1566","2"
"1567","4"
"1568","4"
"1569","2"
"1570","2"
"1571","2"
"1572","2"
"1573","5"
"1574","2"
"1575","1"
"1576","2"
"1577","2"
"1578","6"
"1579","8"
"1580","3"
"1581","6"
"1582","2"
"1583","5"
"1584","5"
"1585","3"
"1586","3"
"1587","5"
"1588","2"
"1589","4"
"1592","3"
"1593","1"
"1594","5"
"1595","3"
"1596","2"
"1597","3"
"1598","2"
"1599","1"
"1600","4"
"1601","2"
"1602","5"
"1603","5"
"1604","7"
"1605","6"
"1606","7"
"1607","4"
"1608","5"
"1609","3"
"1610","7"
"1611","5"
"1612","2"
"1613","2"
"1614","4"
"1615","2"
"1616","4"
"1617","4"
"1618","1"
"1619","1"
"1620","2"
"1621","2"
"1622","5"
"1623","4"
"1624","2"
"1625","4"
"1626","1"
"1627","7"
"1628","3"
"1629","2"
"1630","2"
"1631","3"
"1632","5"
"1633","1"
"1634","3"
"1635","4"
"1636","4"
"1637","2"
"1638","3"
"1639","2"
"1640","3"
"1641","2"
"1642","2"
"1643","2"
"1644","1"
"1645","5"
"1646","4"
"1647","1"
"1648","4"
"1649","1"
"1650","6"
"1651","1"
"1652","3"
"1653","6"
"1654","5"
"1655","2"
"1656","5"
"1657","7"
"1658","2"
"1659","2"
"1660","2"
"1661","2"
"1662","1"
"1664","3"
"1665","2"
"1666","2"
"1668","6"
"1669","1"
"1670","2"
"1671","2"
"1672","8"
"1673","1"
"1674","2"
"1675","4"
"1676","4"
"1677","9"
"1678","4"
"1679","8"
"1680","4"
"1681","5"
"1682","7"
"1683","5"
"1684","6"
"1685","10"
"1687","3"
"1688","4"
"1689","5"
"1690","1"
"1691","5"
"1692","4"
"1693","3"
"1694","2"
"1695","1"
"1696","4"
"1697","5"
"1698","3"
"1699","2"
"1700","7"
"1701","4"
"1702","5"
"1703","5"
"1704","4"
"1705","3"
"1706","2"
"1707","3"
"1708","5"
"1709","9"
"1710","2"
"1711","2"
"1712","2"
"1713","2"
"1715","1"
"1716","3"
"1717","2"
"1718","2"
"1719","3"
"1720","3"
"1721","5"
"1722","3"
"1723","3"
"1724","4"
"1725","1"
"1726","2"
"1727","2"
"1728","5"
"1729","5"
"1730","3"
"1731","3"
"1732","1"
"1733","3"
"1734","4"
"1735","4"
"1736","4"
"1737","1"
"1738","1"
"1739","3"
"1740","1"
"1741","2"
"1742","2"
"1743","3"
"1744","3"
"1746","2"
"1747","4"
"1748","2"
"1749","2"
"1750","4"
"1752","2"
"1753","3"
"1754","3"
"1755","3"
"1756","4"
"1757","3"
"1758","1"
"1759","3"
"1760","3"
"1761","1"
"1762","2"
"1763","2"
"1764","2"
"1765","2"
"1766","1"
"1767","2"
"1768","3"
"1769","1"
"1770","2"
"1771","3"
"1772","3"
"1773","8"
"1774","3"
"1775","3"
"1776","5"
"1777","6"
"1778","2"
"1779","3"
"1780","3"
"1781","2"
"1782","2"
"1783","2"
"1784","2"
"1785","2"
"1786","4"
"1787","3"
"1789","1"
"1790","1"
"1791","2"
"1792","4"
"1793","3"
"1794","4"
"1795","3"
"1796","6"
"1797","2"
"1798","4"
"1799","7"
"1800","2"
"1801","7"
"1802","3"
"1803","1"
"1804","2"
"1805","2"
"1806","1"
"1807","3"
"1808","2"
"1809","3"
"1810","3"
"1811","2"
"1812","1"
"1813","2"
"1814","3"
"1815","1"
"1816","3"
"1817","2"
"1818","4"
"1819","2"
"1820","2"
"1821","2"
"1822","3"
"1823","3"
"1824","10"
"1825","5"
"1826","4"
"1827","4"
"1828","5"
"1829","6"
"1830","1"
"1831","2"
"1832","1"
"1833","2"
"1834","4"
"1835","1"
"1836","3"
"1837","1"
"1839","1"
"1840","2"
"1841","3"
"1842","6"
"1843","1"
"1844","1"
"1845","3"
"1846","8"
"1847","5"
"1848","4"
"1849","6"
"1850","4"
"1851","3"
"1852","2"
"1853","3"
"1854","5"
"1855","3"
"1856","3"
"1857","1"
"1858","5"
"1859","3"
"1860","1"
"1861","1"
"1862","3"
"1864","5"
"1865","3"
"1866","3"
"1867","6"
"1868","5"
"1869","1"
"1870","8"
"1871","5"
"1872","3"
"1873","4"
"1875","3"
"1877","2"
"1878","4"
"1880","1"
"1881","1"
"1882","3"
"1883","1"
"1884","2"
"1885","2"
"1888","1"
"1890","1"
"1891","3"
"1893","4"
"1894","2"
"1895","2"
"1896","7"
"1897","4"
"1898","1"
"1899","4"
"1900","3"
"1901","1"
"1902","1"
"1903","4"
"1904","1"
"1905","1"
"1906","1"
"1907","1"
"1908","2"
"1909","2"
"1911","3"
"1912","2"
"1913","3"
"1914","6"
"1915","3"
"1916","5"
"1917","2"
"1918","1"
"1919","4"
"1920","3"
"1921","3"
"1922","1"
"1923","2"
"1924","2"
"1925","1"
"1926","2"
"1927","3"
"1928","3"
"1930","2"
"1931","1"
"1932","3"
"1933","1"
"1935","2"
"1936","1"
"1938","4"
"1939","1"
"1940","1"
"1941","3"
"1942","3"
"1943","4"
"1944","5"
"1945","5"
"1946","2"
"1947","3"
"1948","5"
"1949","5"
"1950","2"
"1951","2"
"1952","4"
"1953","1"
"1954","1"
"1955","2"
"1956","1"
"1957","3"
"1958","2"
"1959","2"
"1960","2"
"1961","2"
"1963","3"
"1964","3"
"1965","5"
"1966","2"
"1967","1"
"1968","4"
"1969","5"
"1970","3"
"1971","1"
"1972","4"
"1974","3"
"1975","1"
"1976","1"
"1977","1"
"1980","2"
"1981","1"
"1982","1"
"1983","1"
"1985","6"
"1986","4"
"1987","3"
"1989","2"
"1990","5"
"1991","6"
"1992","3"
"1993","1"
"1994","2"
"1995","1"
"1997","1"
"1998","2"
"2000","2"
"2001","3"
"2002","2"
"2003","3"
"2004","3"
"2005","2"
"2006","1"
"2007","1"
"2009","5"
"2011","5"
"2012","2"
"2013","3"
"2014","2"
"2015","8"
"2016","7"
"2017","5"
"2018","3"
"2019","3"
"2020","2"
"2021","3"
"2022","1"
"2023","1"
"2024","2"
"2025","3"
"2027","1"
"2028","1"
"2029","1"
"2032","5"
"2033","2"
"2034","1"
"2035","5"
"2036","4"
"2037","6"
"2038","2"
"2039","1"
"2040","3"
"2041","2"
"2042","5"
"2043","3"
"2044","3"
"2045","3"
"2046","2"
"2047","1"
"2048","3"
"2051","3"
"2052","3"
"2053","1"
"2054","4"
"2055","2"
"2056","2"
"2057","2"
"2058","3"
"2060","2"
"2061","2"
"2062","4"
"2063","3"
"2064","6"
"2065","4"
"2066","1"
"2067","1"
"2069","4"
"2070","3"
"2071","1"
"2072","5"
"2073","1"
"2076","2"
"2077","1"
"2079","2"
"2080","2"
"2081","4"
"2083","5"
"2084","1"
"2085","4"
"2086","5"
"2087","6"
"2088","3"
"2090","6"
"2091","3"
"2092","2"
"2093","1"
"2095","3"
"2096","2"
"2097","3"
"2098","3"
"2099","3"
"2101","1"
"2103","1"
"2104","1"
"2105","4"
"2106","2"
"2107","2"
"2108","3"
"2109","2"
"2110","6"
"2111","1"
"2112","2"
"2113","3"
"2114","3"
"2115","2"
"2116","1"
"2117","1"
"2118","2"
"2119","3"
"2120","5"
"2121","2"
"2122","2"
"2123","2"
"2124","1"
"2125","3"
"2126","3"
"2127","2"
"2129","1"
"2130","1"
"2132","3"
"2133","2"
"2134","6"
"2135","3"
"2136","2"
"2137","2"
"2138","5"
"2139","2"
"2140","2"
"2141","2"
"2143","1"
"2144","2"
"2145","1"
"2146","3"
"2148","2"
"2149","4"
"2150","1"
"2151","3"
"2152","2"
"2153","3"
"2154","3"
"2155","3"
"2156","3"
"2157","2"
"2158","3"
"2159","5"
"2160","4"
"2161","7"
"2162","4"
"2163","1"
"2164","4"
"2165","4"
"2166","2"
"2167","4"
"2169","2"
"2170","3"
"2171","1"
"2172","2"
"2174","3"
"2176","1"
"2177","4"
"2178","4"
"2179","6"
"2180","1"
"2181","6"
"2182","6"
"2183","1"
"2184","4"
"2185","4"
"2186","1"
"2187","5"
"2188","3"
"2189","4"
"2190","2"
"2191","2"
"2192","5"
"2193","1"
"2194","2"
"2196","1"
"2197","3"
"2198","1"
"2199","1"
"2200","3"
"2201","2"
"2202","3"
"2203","5"
"2204","1"
"2205","1"
"2206","1"
"2207","4"
"2208","3"
"2209","3"
"2210","1"
"2212","2"
"2213","3"
"2214","1"
"2215","2"
"2216","4"
"2217","3"
"2218","1"
"2219","1"
"2220","3"
"2221","3"
"2222","1"
"2223","2"
"2224","3"
"2225","1"
"2228","3"
"2229","3"
"2230","6"
"2231","3"
"2232","2"
"2233","6"
"2234","3"
"2235","1"
"2236","2"
"2237","2"
"2238","1"
"2239","2"
"2240","3"
"2242","1"
"2243","1"
"2244","1"
"2245","1"
"2246","1"
"2247","1"
"2248","2"
"2249","2"
"2250","2"
"2251","4"
"2252","2"
"2253","1"
"2254","2"
"2255","4"
"2257","6"
"2258","3"
"2259","1"
"2260","1"
"2261","2"
"2263","3"
"2264","1"
"2265","1"
"2266","1"
"2267","1"
"2268","1"
"2269","1"
"2270","1"
"2271","1"
"2272","2"
"2273","2"
"2274","2"
"2275","2"
"2276","3"
"2277","3"
"2278","4"
"2279","3"
"2280","3"
"2282","1"
"2283","1"
"2284","2"
"2285","1"
"2286","5"
"2287","1"
"2288","3"
"2289","2"
"2290","2"
"2291","1"
"2293","5"
"2294","1"
"2296","1"
"2297","3"
"2298","1"
"2299","1"
"2300","1"
"2301","5"
"2302","2"
"2303","3"
"2304","1"
"2305","4"
"2306","1"
"2307","2"
"2309","1"
"2313","2"
"2314","1"
"2315","3"
"2316","2"
"2317","2"
"2319","1"
"2320","2"
"2321","2"
"2322","3"
"2323","1"
"2324","1"
"2325","1"
"2326","6"
"2327","4"
"2328","1"
"2329","2"
"2330","7"
"2331","2"
"2332","2"
"2333","3"
"2334","4"
"2335","4"
"2337","3"
"2338","1"
"2339","2"
"2340","2"
"2342","1"
"2343","3"
"2344","3"
"2345","2"
"2346","2"
"2347","2"
"2348","2"
"2349","1"
"2350","5"
"2352","2"
"2353","3"
"2354","3"
"2355","1"
"2356","4"
"2357","2"
"2359","2"
"2360","2"
"2361","1"
"2362","1"
"2363","3"
"2367","1"
"2370","1"
"2371","2"
"2372","4"
"2373","1"
"2374","3"
"2375","2"
"2376","6"
"2377","4"
"2378","3"
"2379","2"
"2382","2"
"2383","1"
"2385","1"
"2386","2"
"2388","3"
"2389","1"
"2390","2"
"2391","3"
"2392","5"
"2393","1"
"2394","3"
"2395","4"
"2396","5"
"2397","1"
"2398","4"
"2400","5"
"2401","2"
"2402","2"
"2405","3"
"2407","2"
"2408","1"
"2409","3"
"2410","2"
"2411","2"
"2412","3"
"2415","2"
"2416","3"
"2417","2"
"2418","1"
"2419","1"
"2420","3"
"2422","1"
"2423","2"
"2424","1"
"2425","3"
"2426","3"
"2427","2"
"2428","2"
"2429","3"
"2430","3"
"2431","2"
"2432","1"
"2433","2"
"2434","2"
"2437","2"
"2438","2"
"2439","3"
"2441","1"
"2443","1"
"2444","2"
"2445","2"
"2447","6"
"2448","2"
"2449","2"
"2450","3"
"2451","4"
"2452","3"
"2453","4"
"2454","1"
"2456","1"
"2458","3"
"2459","2"
"2460","1"
"2461","2"
"2463","1"
"2464","1"
"2465","1"
"2466","1"
"2468","1"
"2469","3"
"2470","2"
"2471","3"
"2472","1"
"2473","3"
"2474","1"
"2475","2"
"2477","2"
"2478","2"
"2480","3"
"2482","1"
"2483","4"
"2484","1"
"2485","2"
"2486","1"
"2487","2"
"2488","1"
"2490","3"
"2491","2"
"2492","2"
"2493","2"
"2494","2"
"2495","3"
"2496","2"
"2497","2"
"2498","2"
"2499","1"
"2500","3"
"2501","2"
"2502","1"
"2503","2"
"2504","3"
"2505","2"
"2506","4"
"2508","2"
"2509","2"
"2510","2"
"2512","3"
"2513","2"
"2514","1"
"2515","3"
"2516","1"
"2517","7"
"2519","4"
"2520","2"
"2521","1"
"2522","2"
"2523","5"
"2524","2"
"2526","2"
"2527","1"
"2528","2"
"2529","1"
"2530","1"
"2531","1"
"2533","2"
"2534","1"
"2535","1"
"2536","3"
"2539","2"
"2540","1"
"2541","1"
"2542","1"
"2543","3"
"2544","5"
"2547","2"
"2548","1"
"2549","1"
"2550","3"
"2551","1"
"2552","2"
"2554","1"
"2557","2"
"2558","1"
"2559","2"
"2561","2"
"2562","2"
"2563","1"
"2564","3"
"2565","2"
"2566","1"
"2567","5"
"2568","2"
"2569","1"
"2570","2"
"2571","2"
"2572","3"
"2573","2"
"2575","1"
"2578","4"
"2579","2"
"2580","1"
"2581","1"
"2583","1"
"2584","1"
"2587","2"
"2588","2"
"2589","3"
"2590","1"
"2591","3"
"2592","3"
"2593","3"
"2594","1"
"2595","2"
"2597","2"
"2598","1"
"2599","1"
"2600","2"
"2601","3"
"2602","2"
"2603","1"
"2605","1"
"2606","1"
"2608","2"
"2609","1"
"2610","2"
"2611","2"
"2612","1"
"2613","1"
"2615","2"
"2616","6"
"2617","2"
"2619","2"
"2620","1"
"2621","1"
"2622","3"
"2623","2"
"2625","1"
"2626","4"
"2627","1"
"2629","1"
"2630","3"
"2632","1"
"2633","2"
"2634","2"
"2635","3"
"2636","2"
"2637","5"
"2638","2"
"2640","1"
"2641","5"
"2642","4"
"2643","2"
"2644","2"
"2645","3"
"2646","2"
"2648","2"
"2653","1"
"2654","3"
"2655","1"
"2657","1"
"2659","2"
"2660","2"
"2662","2"
"2663","5"
"2664","3"
"2665","2"
"2666","1"
"2668","2"
"2669","2"
"2670","3"
"2671","1"
"2672","1"
"2674","2"
"2678","3"
"2680","3"
"2681","1"
"2682","1"
"2683","4"
"2684","2"
"2685","4"
"2687","4"
"2689","1"
"2690","2"
"2691","2"
"2693","1"
"2694","2"
"2695","4"
"2697","1"
"2698","1"
"2699","1"
"2703","1"
"2705","2"
"2706","2"
"2708","1"
"2709","2"
"2710","4"
"2711","1"
"2712","5"
"2713","3"
"2715","2"
"2717","1"
"2718","1"
"2719","2"
"2721","1"
"2722","1"
"2723","1"
"2724","1"
"2725","1"
"2726","2"
"2727","3"
"2729","2"
"2730","2"
"2731","3"
"2732","1"
"2733","1"
"2734","1"
"2735","2"
"2737","5"
"2738","2"
"2739","4"
"2741","4"
"2744","2"
"2745","1"
"2749","2"
"2750","1"
"2752","2"
"2753","2"
"2754","2"
"2755","3"
"2756","2"
"2758","2"
"2759","7"
"2760","2"
"2761","2"
"2762","1"
"2763","3"
"2765","2"
"2766","2"
"2767","2"
"2770","1"
"2772","2"
"2775","1"
"2777","1"
"2779","2"
"2780","2"
"2781","2"
"2782","2"
"2783","1"
"2784","2"
"2785","1"
"2786","2"
"2787","1"
"2788","3"
"2790","1"
"2791","1"
"2792","1"
"2794","1"
"2795","2"
"2798","1"
"2799","2"
"2800","1"
"2802","2"
"2803","4"
"2805","1"
"2806","2"
"2807","1"
"2808","2"
"2809","3"
"2810","2"
"2811","2"
"2812","1"
"2813","2"
"2814","2"
"2816","2"
"2817","1"
"2818","2"
"2820","1"
"2821","2"
"2822","1"
"2824","2"
"2826","3"
"2827","3"
"2828","2"
"2829","1"
"2830","3"
"2831","4"
"2832","2"
"2833","3"
"2834","2"
"2835","3"
"2836","2"
"2837","2"
"2838","3"
"2841","1"
"2842","2"
"2843","1"
"2846","1"
"2847","1"
"2849","1"
"2850","2"
"2851","1"
"2852","2"
"2853","1"
"2854","2"
"2855","4"
"2856","1"
"2857","2"
"2859","1"
"2860","2"
"2861","2"
"2862","2"
"2863","4"
"2865","1"
"2866","1"
"2867","3"
"2868","1"
"2869","2"
"2871","2"
"2873","2"
"2875","3"
"2876","2"
"2877","3"
"2878","3"
"2879","2"
"2880","3"
"2881","4"
"2882","1"
"2883","1"
"2885","1"
"2886","1"
"2888","1"
"2890","1"
"2891","1"
"2893","1"
"2895","3"
"2896","1"
"2900","3"
"2901","1"
"2902","1"
"2904","3"
"2905","1"
"2906","1"
"2907","2"
"2910","2"
"2914","1"
"2915","1"
"2916","2"
"2917","1"
"2919","1"
"2920","3"
"2922","1"
"2923","2"
"2926","1"
"2927","1"
"2928","1"
"2929","1"
"2930","2"
"2931","3"
"2932","2"
"2933","3"
"2935","1"
"2938","1"
"2939","1"
"2940","1"
"2942","1"
"2945","1"
"2946","1"
"2948","4"
"2949","1"
"2951","1"
"2952","1"
"2953","1"
"2955","2"
"2956","1"
"2957","1"
"2958","1"
"2960","2"
"2964","1"
"2967","1"
"2968","1"
"2970","1"
"2971","1"
"2972","1"
"2973","1"
"2974","2"
"2975","4"
"2976","1"
"2978","2"
"2979","3"
"2980","1"
"2982","1"
"2984","2"
"2986","2"
"2987","1"
"2988","1"
"2989","1"
"2990","2"
"2991","1"
"2992","1"
"2994","1"
"2995","1"
"2997","2"
"2998","1"
"2999","1"
"3000","3"
"3001","3"
"3002","2"
"3003","1"
"3004","4"
"3005","1"
"3006","1"
"3007","1"
"3008","1"
"3010","2"
"3011","1"
"3012","2"
"3013","1"
"3014","3"
"3015","4"
"3016","2"
"3018","3"
"3019","1"
"3020","2"
"3021","1"
"3022","3"
"3023","2"
"3024","4"
"3026","1"
"3027","3"
"3028","1"
"3029","4"
"3030","3"
"3031","2"
"3032","2"
"3033","1"
"3037","2"
"3040","2"
"3041","1"
"3042","2"
"3043","1"
"3044","1"
"3045","1"
"3046","1"
"3047","2"
"3048","4"
"3049","1"
"3050","3"
"3051","1"
"3052","1"
"3054","1"
"3056","1"
"3057","1"
"3058","1"
"3060","2"
"3061","1"
"3063","1"
"3064","1"
"3067","2"
"3068","1"
"3069","3"
"3070","2"
"3071","4"
"3073","2"
"3074","1"
"3075","1"
"3076","1"
"3077","2"
"3079","1"
"3080","1"
"3082","2"
"3085","1"
"3086","3"
"3087","1"
"3088","1"
"3089","1"
"3090","1"
"3091","1"
"3092","3"
"3093","1"
"3094","2"
"3099","2"
"3100","5"
"3104","2"
"3105","1"
"3106","1"
"3113","3"
"3115","3"
"3116","2"
"3117","1"
"3118","4"
"3121","1"
"3122","2"
"3124","1"
"3125","2"
"3129","1"
"3130","1"
"3131","2"
"3134","1"
"3136","3"
"3137","1"
"3140","2"
"3142","3"
"3143","1"
"3144","3"
"3145","1"
"3146","1"
"3147","4"
"3148","2"
"3149","2"
"3150","1"
"3151","1"
"3152","2"
"3155","1"
"3156","1"
"3157","2"
"3158","1"
"3159","1"
"3162","1"
"3163","2"
"3164","1"
"3165","1"
"3166","1"
"3167","2"
"3168","2"
"3169","1"
"3170","1"
"3171","1"
"3172","2"
"3175","1"
"3176","1"
"3177","2"
"3179","1"
"3181","1"
"3185","1"
"3186","1"
"3188","1"
"3189","3"
"3192","1"
"3193","2"
"3194","2"
"3195","1"
"3196","1"
"3197","3"
"3198","1"
"3199","2"
"3201","1"
"3203","1"
"3204","2"
"3205","2"
"3207","2"
"3208","1"
"3209","2"
"3211","2"
"3212","3"
"3214","3"
"3215","3"
"3216","1"
"3219","2"
"3220","2"
"3222","2"
"3223","2"
"3224","1"
"3227","1"
"3228","2"
"3231","1"
"3233","2"
"3234","1"
"3240","2"
"3241","5"
"3246","1"
"3247","1"
"3253","1"
"3255","1"
"3256","1"
"3258","1"
"3259","2"
"3260","1"
"3262","4"
"3263","1"
"3264","2"
"3265","4"
"3266","3"
"3267","2"
"3268","2"
"3270","2"
"3272","2"
"3273","1"
"3274","2"
"3276","1"
"3278","1"
"3280","1"
"3282","1"
"3285","1"
"3286","1"
"3287","3"
"3289","1"
"3290","1"
"3291","2"
"3292","3"
"3293","1"
"3294","1"
"3295","2"
"3296","1"
"3297","1"
"3298","1"
"3299","1"
"3302","1"
"3303","1"
"3305","2"
"3306","2"
"3307","1"
"3308","3"
"3309","1"
"3310","4"
"3311","1"
"3312","1"
"3316","1"
"3317","1"
"3318","2"
"3320","1"
"3323","1"
"3324","1"
"3325","2"
"3327","1"
"3328","1"
"3331","1"
"3332","3"
"3333","3"
"3334","1"
"3336","2"
"3338","2"
"3341","1"
"3342","1"
"3343","1"
"3345","1"
"3346","2"
"3349","1"
"3350","1"
"3351","1"
"3352","1"
"3354","2"
"3356","3"
"3357","4"
"3358","4"
"3359","2"
"3360","2"
"3362","3"
"3363","2"
"3364","3"
"3365","3"
"3366","2"
"3367","1"
"3369","1"
"3370","1"
"3372","1"
"3373","2"
"3376","1"
"3377","1"
"3378","2"
"3380","3"
"3381","2"
"3382","3"
"3383","4"
"3384","2"
"3385","3"
"3386","1"
"3388","2"
"3389","1"
"3390","2"
"3391","2"
"3392","1"
"3393","1"
"3394","2"
"3395","1"
"3397","1"
"3400","2"
"3403","1"
"3404","2"
"3405","1"
"3408","6"
"3409","2"
"3410","5"
"3411","1"
"3412","1"
"3413","1"
"3415","1"
"3416","1"
"3419","1"
"3422","1"
"3425","1"
"3430","1"
"3431","1"
"3433","1"
"3434","2"
"3435","3"
"3436","1"
"3437","1"
"3438","1"
"3441","1"
"3442","1"
"3443","1"
"3444","1"
"3447","1"
"3448","1"
"3449","1"
"3450","1"
"3452","1"
"3453","1"
"3455","1"
"3456","1"
"3457","1"
"3458","2"
"3459","2"
"3460","2"
"3461","1"
"3462","2"
"3464","1"
"3470","2"
"3471","1"
"3472","2"
"3473","2"
"3474","1"
"3475","2"
"3476","2"
"3479","1"
"3480","2"
"3481","2"
"3482","2"
"3483","1"
"3489","1"
"3490","1"
"3492","1"
"3494","1"
"3495","3"
"3496","2"
"3499","1"
"3500","2"
"3501","1"
"3502","1"
"3503","2"
"3504","2"
"3505","3"
"3506","1"
"3510","1"
"3511","2"
"3512","1"
"3513","1"
"3514","2"
"3518","1"
"3519","2"
"3520","2"
"3522","2"
"3523","6"
"3525","1"
"3526","1"
"3527","3"
"3529","1"
"3530","3"
"3531","1"
"3535","1"
"3536","2"
"3538","2"
"3540","1"
"3541","1"
"3543","1"
"3544","1"
"3549","2"
"3550","1"
"3551","2"
"3552","1"
"3553","2"
"3554","1"
"3555","2"
"3556","2"
"3558","2"
"3559","1"
"3563","1"
"3564","1"
"3566","1"
"3577","1"
"3578","2"
"3583","2"
"3584","1"
"3586","1"
"3587","2"
"3588","1"
"3589","2"
"3596","1"
"3597","2"
"3598","1"
"3599","1"
"3600","1"
"3603","3"
"3604","1"
"3606","1"
"3608","2"
"3609","2"
"3610","1"
"3614","1"
"3619","1"
"3620","1"
"3622","2"
"3623","1"
"3624","3"
"3628","2"
"3632","1"
"3633","1"
"3636","1"
"3637","2"
"3642","2"
"3643","2"
"3646","1"
"3647","1"
"3648","1"
"3649","2"
"3651","4"
"3652","2"
"3654","1"
"3655","1"
"3657","3"
"3658","1"
"3659","2"
"3669","1"
"3670","2"
"3671","3"
"3672","1"
"3674","1"
"3675","3"
"3676","1"
"3678","1"
"3681","1"
"3683","2"
"3684","1"
"3687","3"
"3689","1"
"3690","1"
"3692","1"
"3693","2"
"3694","3"
"3695","4"
"3696","3"
"3697","3"
"3699","1"
"3700","1"
"3701","1"
"3702","2"
"3704","1"
"3705","1"
"3706","1"
"3712","2"
"3713","2"
"3715","1"
"3716","1"
"3717","1"
"3720","3"
"3721","2"
"3723","1"
"3728","1"
"3729","3"
"3733","3"
"3734","2"
"3735","1"
"3736","1"
"3737","3"
"3738","2"
"3741","2"
"3742","1"
"3743","1"
"3744","1"
"3746","1"
"3747","1"
"3750","3"
"3751","2"
"3753","1"
"3754","1"
"3755","1"
"3757","1"
"3758","1"
"3759","1"
"3761","4"
"3762","1"
"3763","2"
"3764","2"
"3766","1"
"3767","1"
"3768","2"
"3770","1"
"3773","1"
"3776","1"
"3777","1"
"3778","1"
"3780","1"
"3783","1"
"3784","1"
"3785","2"
"3788","3"
"3789","1"
"3790","2"
"3791","1"
"3792","1"
"3794","2"
"3796","1"
"3798","2"
"3799","3"
"3800","1"
"3802","1"
"3808","1"
"3810","1"
"3812","1"
"3813","2"
"3815","1"
"3816","1"
"3819","2"
"3820","1"
"3821","3"
"3823","1"
"3825","2"
"3827","1"
"3828","1"
"3830","1"
"3831","1"
"3834","1"
"3837","2"
"3839","2"
"3840","1"
"3841","1"
"3842","2"
"3845","1"
"3848","1"
"3849","1"
"3850","1"
"3852","2"
"3855","1"
"3858","1"
"3860","1"
"3861","3"
"3863","3"
"3864","1"
"3866","2"
"3867","2"
"3868","3"
"3870","2"
"3871","1"
"3872","3"
"3875","1"
"3877","1"
"3878","1"
"3880","1"
"3881","2"
"3883","1"
"3886","1"
"3887","2"
"3888","2"
"3891","1"
"3892","1"
"3894","3"
"3898","1"
"3899","2"
"3900","1"
"3902","2"
"3903","1"
"3905","2"
"3908","1"
"3910","1"
"3913","1"
"3914","1"
"3915","2"
"3917","2"
"3918","2"
"3921","1"
"3926","1"
"3929","2"
"3930","1"
"3932","1"
"3936","2"
"3938","2"
"3939","2"
"3940","1"
"3941","1"
"3942","1"
"3945","1"
"3946","1"
"3948","1"
"3954","2"
"3959","3"
"3964","2"
"3970","1"
"3975","1"
"3977","1"
"3978","2"
"3981","1"
"3982","1"
"3984","2"
"3985","2"
"3987","3"
"3990","1"
"3991","1"
"3992","1"
"3993","1"
"3994","1"
"3998","1"
"4001","1"
"4003","1"
"4004","1"
"4007","1"
"4008","1"
"4009","3"
"4010","1"
"4011","2"
"4012","1"
"4014","4"
"4015","2"
"4016","1"
"4017","1"
"4018","1"
"4020","2"
"4022","1"
"4026","1"
"4028","1"
"4029","1"
"4030","1"
"4031","2"
"4032","2"
"4035","2"
"4036","2"
"4039","3"
"4040","1"
"4041","2"
"4043","4"
"4044","2"
"4045","1"
"4047","1"
"4049","1"
"4050","2"
"4052","2"
"4053","1"
"4054","5"
"4055","1"
"4056","1"
"4057","1"
"4061","1"
"4063","2"
"4064","2"
"4066","1"
"4068","1"
"4071","2"
"4072","1"
"4073","1"
"4074","1"
"4075","1"
"4076","2"
"4079","2"
"4080","3"
"4081","1"
"4083","1"
"4086","4"
"4092","3"
"4093","1"
"4095","1"
"4098","2"
"4102","4"
"4103","1"
"4104","1"
"4105","1"
"4106","2"
"4109","1"
"4110","2"
"4112","1"
"4115","1"
"4123","1"
"4125","1"
"4127","1"
"4128","1"
"4129","2"
"4130","1"
"4132","1"
"4134","3"
"4142","1"
"4145","1"
"4149","1"
"4151","2"
"4152","1"
"4153","1"
"4154","2"
"4155","1"
"4158","1"
"4162","1"
"4165","1"
"4168","2"
"4175","1"
"4176","1"
"4177","3"
"4178","3"
"4179","1"
"4180","1"
"4181","2"
"4182","2"
"4184","1"
"4185","1"
"4186","1"
"4194","1"
"4195","1"
"4197","2"
"4199","2"
"4201","2"
"4202","1"
"4205","3"
"4211","1"
"4212","1"
"4216","1"
"4220","1"
"4221","3"
"4222","2"
"4223","1"
"4224","3"
"4225","2"
"4226","1"
"4231","2"
"4232","1"
"4235","1"
"4237","1"
"4238","1"
"4239","1"
"4241","1"
"4242","1"
"4243","2"
"4244","5"
"4245","1"
"4247","1"
"4255","1"
"4258","1"
"4260","3"
"4262","1"
"4265","1"
"4266","2"
"4268","1"
"4270","1"
"4271","1"
"4272","1"
"4276","1"
"4278","1"
"4279","1"
"4286","1"
"4289","2"
"4290","2"
"4291","1"
"4292","1"
"4294","1"
"4296","1"
"4298","1"
"4300","1"
"4301","1"
"4307","2"
"4309","1"
"4312","2"
"4313","1"
"4318","1"
"4321","1"
"4322","1"
"4324","1"
"4327","2"
"4330","1"
"4335","1"
"4336","1"
"4338","1"
"4340","2"
"4342","1"
"4344","2"
"4345","1"
"4346","1"
"4347","1"
"4349","2"
"4350","1"
"4352","1"
"4359","1"
"4365","4"
"4366","2"
"4369","1"
"4370","1"
"4371","1"
"4373","1"
"4378","2"
"4383","1"
"4388","1"
"4390","2"
"4394","1"
"4397","1"
"4399","1"
"4401","1"
"4404","1"
"4405","1"
"4411","3"
"4414","1"
"4416","2"
"4417","1"
"4418","2"
"4421","2"
"4422","1"
"4428","1"
"4429","1"
"4430","1"
"4431","1"
"4439","3"
"4440","1"
"4441","1"
"4443","1"
"4444","1"
"4445","2"
"4446","1"
"4451","1"
"4456","3"
"4457","1"
"4458","2"
"4459","1"
"4460","3"
"4462","1"
"4467","1"
"4468","2"
"4470","1"
"4473","1"
"4474","1"
"4480","3"
"4481","1"
"4482","1"
"4484","1"
"4485","1"
"4487","1"
"4488","1"
"4490","1"
"4492","1"
"4493","2"
"4499","1"
"4503","1"
"4506","1"
"4507","2"
"4508","2"
"4509","1"
"4511","2"
"4513","1"
"4514","1"
"4517","1"
"4520","1"
"4521","1"
"4523","2"
"4528","1"
"4529","1"
"4530","1"
"4533","1"
"4535","1"
"4536","1"
"4538","2"
"4539","2"
"4541","1"
"4542","2"
"4543","2"
"4544","3"
"4546","1"
"4550","1"
"4555","1"
"4556","1"
"4557","3"
"4559","1"
"4561","1"
"4562","3"
"4563","3"
"4571","1"
"4575","1"
"4578","2"
"4581","1"
"4583","1"
"4584","2"
"4585","2"
"4586","3"
"4590","1"
"4591","1"
"4593","1"
"4594","1"
"4595","1"
"4601","1"
"4602","1"
"4603","1"
"4606","1"
"4607","1"
"4608","1"
"4609","2"
"4610","1"
"4611","1"
"4612","1"
"4613","1"
"4617","1"
"4618","1"
"4626","1"
"4628","4"
"4631","2"
"4632","1"
"4637","1"
"4644","1"
"4647","1"
"4648","1"
"4650","2"
"4651","1"
"4653","1"
"4655","1"
"4660","2"
"4663","2"
"4670","2"
"4672","1"
"4675","1"
"4678","1"
"4679","1"
"4680","1"
"4683","1"
"4684","2"
"4688","1"
"4689","1"
"4690","1"
"4696","1"
"4699","3"
"4700","3"
"4702","2"
"4703","2"
"4705","1"
"4706","2"
"4711","1"
"4717","1"
"4719","1"
"4720","1"
"4721","1"
"4725","1"
"4726","1"
"4727","2"
"4729","1"
"4731","1"
"4735","1"
"4738","1"
"4739","1"
"4742","2"
"4743","1"
"4744","2"
"4745","1"
"4746","1"
"4747","1"
"4748","2"
"4749","2"
"4751","1"
"4752","1"
"4753","1"
"4754","2"
"4755","1"
"4757","1"
"4758","1"
"4762","1"
"4763","1"
"4771","2"
"4774","1"
"4776","2"
"4782","1"
"4793","1"
"4801","1"
"4807","1"
"4808","2"
"4816","2"
"4817","1"
"4824","2"
"4826","1"
"4832","1"
"4835","1"
"4837","1"
"4838","1"
"4841","1"
"4844","2"
"4845","1"
"4846","1"
"4847","1"
"4850","2"
"4851","1"
"4861","1"
"4863","1"
"4867","1"
"4872","1"
"4877","1"
"4881","1"
"4887","1"
"4889","1"
"4892","1"
"4894","1"
"4901","1"
"4902","2"
"4904","1"
"4906","1"
"4909","1"
"4914","1"
"4918","1"
"4919","1"
"4920","1"
"4923","1"
"4924","1"
"4926","2"
"4929","1"
"4939","1"
"4940","1"
"4941","1"
"4943","1"
"4944","1"
"4947","2"
"4948","1"
"4950","1"
"4953","1"
"4958","2"
"4960","1"
"4964","1"
"4965","2"
"4966","1"
"4967","1"
"4972","1"
"4978","1"
"4987","1"
"4988","2"
"4990","1"
"4993","1"
"4996","2"
"5003","1"
"5005","1"
"5006","2"
"5007","1"
"5010","1"
"5012","1"
"5013","1"
"5014","2"
"5016","1"
"5018","1"
"5019","1"
"5021","2"
"5026","1"
"5030","3"
"5031","1"
"5032","2"
"5033","1"
"5035","2"
"5036","2"
"5040","1"
"5041","2"
"5042","1"
"5043","1"
"5045","1"
"5047","1"
"5054","1"
"5056","1"
"5057","1"
"5060","2"
"5065","2"
"5066","1"
"5070","1"
"5071","1"
"5073","1"
"5075","1"
"5078","1"
"5082","1"
"5083","1"
"5084","1"
"5085","1"
"5086","1"
"5087","1"
"5089","3"
"5099","2"
"5105","1"
"5107","1"
"5109","1"
"5110","1"
"5113","1"
"5114","2"
"5124","1"
"5128","1"
"5129","1"
"5130","1"
"5132","2"
"5134","2"
"5135","2"
"5136","1"
"5137","1"
"5138","1"
"5139","1"
"5140","2"
"5147","1"
"5154","2"
"5160","1"
"5161","1"
"5170","1"
"5172","1"
"5175","1"
"5179","1"
"5182","2"
"5183","2"
"5186","1"
"5189","1"
"5190","1"
"5194","1"
"5195","1"
"5197","2"
"5200","1"
"5201","1"
"5206","1"
"5208","1"
"5211","1"
"5222","1"
"5225","1"
"5233","2"
"5235","1"
"5236","1"
"5239","2"
"5240","2"
"5243","1"
"5246","1"
"5251","1"
"5257","2"
"5260","1"
"5266","1"
"5273","2"
"5274","1"
"5276","1"
"5280","1"
"5282","1"
"5286","1"
"5288","1"
"5290","2"
"5292","1"
"5293","1"
"5300","1"
"5301","1"
"5302","1"
"5303","1"
"5306","1"
"5309","1"
"5310","2"
"5311","1"
"5312","1"
"5314","1"
"5316","1"
"5320","1"
"5322","1"
"5330","1"
"5332","1"
"5333","1"
"5334","1"
"5339","1"
"5345","2"
"5348","1"
"5352","2"
"5354","1"
"5358","1"
"5359","1"
"5363","1"
"5367","1"
"5369","1"
"5371","1"
"5378","1"
"5380","1"
"5384","1"
"5385","1"
"5387","1"
"5388","1"
"5391","1"
"5394","2"
"5395","1"
"5397","1"
"5401","1"
"5402","1"
"5403","1"
"5410","1"
"5418","1"
"5420","1"
"5423","2"
"5426","1"
"5433","1"
"5443","1"
"5447","2"
"5448","1"
"5449","1"
"5450","1"
"5451","2"
"5453","1"
"5455","1"
"5465","1"
"5470","1"
"5472","1"
"5478","1"
"5480","1"
"5484","1"
"5489","1"
"5492","3"
"5498","1"
"5499","1"
"5500","1"
"5507","1"
"5512","2"
"5513","1"
"5515","1"
"5516","2"
"5518","1"
"5520","1"
"5522","1"
"5523","1"
"5527","1"
"5532","1"
"5534","2"
"5535","1"
"5537","1"
"5539","1"
"5541","1"
"5546","1"
"5547","2"
"5549","2"
"5552","1"
"5554","1"
"5555","1"
"5564","1"
"5567","1"
"5568","1"
"5569","1"
"5572","2"
"5585","1"
"5592","1"
"5594","1"
"5606","1"
"5610","1"
"5612","1"
"5613","2"
"5615","2"
"5616","1"
"5620","1"
"5624","1"
"5629","1"
"5630","1"
"5631","1"
"5633","2"
"5638","1"
"5641","2"
"5642","1"
"5645","1"
"5657","1"
"5658","1"
"5661","1"
"5681","1"
"5682","1"
"5683","1"
"5684","1"
"5688","1"
"5689","1"
"5690","1"
"5691","1"
"5692","1"
"5694","2"
"5697","1"
"5700","2"
"5706","2"
"5709","1"
"5710","1"
"5711","3"
"5712","1"
"5714","2"
"5715","2"
"5719","1"
"5722","1"
"5731","1"
"5733","1"
"5734","2"
"5736","2"
"5737","1"
"5738","1"
"5744","1"
"5751","1"
"5752","1"
"5755","1"
"5758","1"
"5759","1"
"5766","1"
"5772","1"
"5776","1"
"5783","1"
"5785","1"
"5787","4"
"5789","2"
"5791","1"
"5792","1"
"5799","1"
"5800","1"
"5801","1"
"5807","1"
"5808","1"
"5809","1"
"5810","1"
"5813","1"
"5824","1"
"5827","1"
"5830","1"
"5832","1"
"5835","2"
"5838","1"
"5841","1"
"5845","1"
"5851","1"
"5853","1"
"5854","1"
"5856","1"
"5858","2"
"5860","1"
"5862","1"
"5866","1"
"5869","1"
"5873","1"
"5874","2"
"5875","4"
"5876","1"
"5878","1"
"5879","2"
"5880","1"
"5881","2"
"5888","2"
"5892","1"
"5897","1"
"5898","1"
"5902","1"
"5909","1"
"5912","1"
"5915","1"
"5921","1"
"5923","1"
"5924","1"
"5925","1"
"5929","1"
"5930","1"
"5940","1"
"5944","1"
"5952","1"
"5955","1"
"5964","1"
"5967","1"
"5968","1"
"5969","1"
"5971","1"
"5974","1"
"5977","1"
"5981","3"
"5995","2"
"6003","1"
"6004","1"
"6007","1"
"6015","1"
"6017","1"
"6032","1"
"6036","2"
"6042","1"
"6044","1"
"6053","1"
"6054","1"
"6055","1"
"6069","2"
"6070","1"
"6072","1"
"6074","1"
"6075","1"
"6077","1"
"6078","1"
"6085","1"
"6091","1"
"6093","1"
"6095","1"
"6096","1"
"6098","1"
"6099","1"
"6106","1"
"6111","1"
"6115","1"
"6118","1"
"6119","1"
"6122","1"
"6138","1"
"6140","1"
"6143","3"
"6144","1"
"6154","2"
"6164","1"
"6169","1"
"6170","1"
"6183","1"
"6184","1"
"6191","1"
"6194","2"
"6203","1"
"6212","3"
"6214","1"
"6215","1"
"6219","1"
"6221","1"
"6227","1"
"6228","2"
"6229","1"
"6240","2"
"6250","1"
"6268","1"
"6270","1"
"6274","1"
"6276","2"
"6282","1"
"6285","1"
"6296","1"
"6297","1"
"6299","1"
"6301","1"
"6326","1"
"6329","1"
"6332","1"
"6333","1"
"6336","1"
"6337","1"
"6338","1"
"6340","1"
"6349","1"
"6352","1"
"6353","1"
"6357","1"
"6358","2"
"6370","1"
"6378","2"
"6386","1"
"6387","1"
"6410","2"
"6411","2"
"6414","2"
"6427","1"
"6428","2"
"6432","1"
"6433","1"
"6434","1"
"6435","1"
"6436","1"
"6438","1"
"6450","1"
"6456","1"
"6458","1"
"6475","3"
"6482","1"
"6485","1"
"6490","1"
"6496","1"
"6502","1"
"6504","1"
"6505","1"
"6521","1"
"6525","1"
"6526","1"
"6527","1"
"6528","3"
"6531","1"
"6533","2"
"6534","1"
"6544","1"
"6552","1"
"6557","1"
"6558","1"
"6573","2"
"6581","1"
"6582","1"
"6587","1"
"6592","1"
"6595","1"
"6600","1"
"6605","1"
"6621","2"
"6623","3"
"6628","1"
"6634","1"
"6643","1"
"6645","1"
"6646","1"
"6647","1"
"6650","1"
"6666","1"
"6669","1"
"6670","1"
"6672","1"
"6675","1"
"6676","1"
"6682","1"
"6693","1"
"6697","1"
"6708","1"
"6712","1"
"6714","1"
"6719","1"
"6721","2"
"6728","1"
"6729","1"
"6730","1"
"6741","1"
"6746","1"
"6748","1"
"6750","1"
"6754","1"
"6769","1"
"6770","1"
"6779","1"
"6784","1"
"6789","1"
"6794","1"
"6795","1"
"6804","1"
"6810","1"
"6811","1"
"6812","1"
"6819","1"
"6820","1"
"6835","1"
"6838","1"
"6839","1"
"6840","1"
"6841","1"
"6847","1"
"6860","1"
"6877","1"
"6880","2"
"6885","1"
"6887","1"
"6910","1"
"6923","1"
"6924","1"
"6934","1"
"6936","1"
"6941","1"
"6946","1"
"6957","2"
"6962","1"
"6967","1"
"6982","1"
"6983","1"
"6990","1"
"7000","1"
"7009","3"
"7014","1"
"7024","1"
"7033","1"
"7041","1"
"7045","1"
"7048","1"
"7058","1"
"7068","1"
"7071","1"
"7072","1"
"7077","1"
"7081","1"
"7100","1"
"7116","1"
"7119","1"
"7128","1"
"7133","1"
"7135","1"
"7150","1"
"7155","2"
"7183","1"
"7195","1"
"7220","1"
"7222","2"
"7223","1"
"7224","1"
"7225","1"
"7230","1"
"7242","3"
"7253","1"
"7259","1"
"7264","1"
"7276","1"
"7294","1"
"7296","1"
"7302","1"
"7308","1"
"7314","1"
"7336","1"
"7344","1"
"7380","1"
"7385","1"
"7388","1"
"7390","1"
"7393","1"
"7397","1"
"7398","1"
"7409","1"
"7416","1"
"7422","1"
"7429","2"
"7440","1"
"7454","1"
"7457","1"
"7467","1"
"7474","1"
"7480","1"
"7485","1"
"7486","1"
"7492","1"
"7495","1"
"7506","1"
"7515","1"
"7538","1"
"7553","1"
"7562","1"
"7583","1"
"7597","1"
"7613","1"
"7620","1"
"7643","1"
"7674","1"
"7677","1"
"7697","1"
"7703","1"
"7712","1"
"7715","1"
"7750","1"
"7772","1"
"7779","1"
"7835","1"
"7867","1"
"7870","1"
"7897","2"
"7923","1"
"7962","1"
"7965","1"
"7975","1"
"7992","1"
"8077","1"
"8108","1"
"8136","1"
"8183","1"
"8211","1"
"8226","1"
"8357","1"
"8630","1"